<?xml version="1.0" encoding="UTF-8"?>
<project-private xmlns="http://www.netbeans.org/ns/project-private/1">
    <editor-bookmarks xmlns="http://www.netbeans.org/ns/editor-bookmarks/2" lastBookmarkId="0"/>
    <open-files xmlns="http://www.netbeans.org/ns/projectui-open-files/2">
        <group>
            <file>file:/C:/Users/user/Desktop/ProgettoRuzzle/src/prova/FXMLDocument.fxml</file>
            <file>file:/C:/Users/user/Desktop/ProgettoRuzzle/src/prova/Management.java</file>
            <file>file:/C:/Users/user/Desktop/ProgettoRuzzle/src/prova/FXMLDocumentController.java</file>
            <file>file:/C:/Users/user/Desktop/ProgettoRuzzle/src/prova/Constants.java</file>
            <file>file:/C:/Users/user/Desktop/ProgettoRuzzle/src/prova/Statistics.java</file>
            <file>file:/C:/Users/user/Desktop/ProgettoRuzzle/src/prova/Prova.java</file>
        </group>
    </open-files>
</project-private>
